season,desci,longdesc,nwseason
010000,女仕輕便服裝,NULL,010000
020000,女仕上班服裝,NULL,020000
030000,女仕成熟服裝,NULL,030000
040000,女士內衣,NULL,040000
050000,女仕飾物,NULL,050000
060000,女仕手袋及皮件,NULL,060000
070000,女仕皮鞋,NULL,070000
080000,珠寶首飾,NULL,080000
090000,化妝品,NULL,090000
100000,男仕輕便服裝,NULL,100000
110000,男仕上班服裝,NULL,110000
120000,男仕內衣,NULL,120000
140000,男仕皮具及手袋,NULL,140000
150000,男仕皮鞋,NULL,150000
170000,UNISEX男女休閒服,NULL,170000
200000,兒童服裝,NULL,200000
250000,玩具其他,NULL,250000
260000,運動服裝及用品,NULL,260000
320000,鐘表,NULL,320000
360000,文具,NULL,360000
370000,眼鏡,NULL,370000
390000,玩具,NULL,390000
400000,家庭用品,NULL,400000
410000,床上用品,NULL,410000
420000,寢室家具,NULL,420000
430000,旅行用品,NULL,430000
460000,小型家庭電器,NULL,460000
999900,遞延調整,NULL,999900
999999,顧客服務,NULL,999999
A00040,ADIDAS(阿狄達斯),ADIDAS(阿狄達斯),A00040
A00170,AUPRES(歐珀萊),NULL,A00170
A00190,AUSSINO(澳西奴),NULL,A00190
A00210,AZONA(阿桑娜),NULL,A00210
A00390,BURBERRY (博柏利),NULL,A00390
A00450,CALLISTO(卡利斯特),NULL,A00450
A00510,CASABLANCA(卡撒天嬌),CASABLANCA(卡撒天嬌),A00510
A00600,CLARKS (其樂),NULL,A00600
A00630,CROCODILE (鱷魚恤),鱷魚恤,A00630
A00770,E.LAND(衣戀),NULL,A00770
A00780,ELLE,ELLE,A00780
A00810,EMBRY FORM(安莉芳),NULL,A00810
A00890,ESPRIT,NULL,A00890
A00940,ETAM (艾格),NULL,A00940
A00970,FED INTERNATIONAL,NULL,A00970
A01000,FION (菲安妮),FION (菲安妮),A01000
A01130,GIORDANO (佐丹奴),NULL,A01130
A01240,HUSH PUPPIES (暇步士,NULL,A01240
A01340,MARJA KURKI(瑪麗亞.,NULL,A01340
A01451,KOSE/BEAUTE DE KOSE(,NULL,A01451
A01480,LE SAUNDA(萊爾斯丹),NULL,A01480
A01490,LACOSTE,NULL,A01490
A01510,LEE,NULL,A01510
A01520,LEGO(樂高),NULL,A01520
A01560,LEO(里奧),NULL,A01560
A01600,ELIZABETH ARDEN(伊莉,ELIZABETH ARDEN(伊莉莎伯雅頓),A01600
A01630,L'OREAL(歐萊雅),NULL,A01630
A01770,MAYBELLINE(美寶蓮),NULL,A01770
A01900,MIZUNO(美津濃),NULL,A01900
A01990,MYSHEROS VIE(蜜雪兒),NULL,A01990
A02020,NINE WEST(玖熙),NULL,A02020
A02040,MICKEY MOUSE(米奇妙),NULL,A02040
A02070,ONLY,NULL,A02070
A02120,PARKER(派克),NULL,A02120
A02180,PIERRE CARDIN(皮爾 ,NULL,A02180
A02440,SATCHI(沙馳),SATCHI(沙馳),A02440
A02500,SINO(一點紅),NULL,A02500
A02510,SISLEY (希思黎),NULL,A02510
A02720,TRIUMPH INTERNATIONA,NULL,A02720
A02920,WACOAL(華歌爾),NULL,A02920
A02930,WOLSEY(金狐狸),NULL,A02930
A03550,MANIFORM(曼妮芬),NULL,A03550
A03660,TSE SUI LUEN(謝瑞麟),NULL,A03660
A03730,VIVIAN,NULL,A03730
A03760,BELLE(百麗),NULL,A03760
A03850,MONTAGUT(夢特嬌),MONTAGUT(夢特嬌),A03850
A03990,VICUTU(威可多),NULL,A03990
A04020,YOUNGOR(雅戈爾),NULL,A04020
A04330,LES ENPHANTS(麗嬰房),NULL,A04330
A04400,BARBIE(芭比),NULL,A04400
A04430,SCHIESSER(舒雅),NULL,A04430
A05060,OSIM(傲勝),NULL,A05060
A05280,ORDIFEN(歐迪芬),NULL,A05280
A05360,淑女屋,NULL,A05360
A05550,ARTINI(雅天妮),ARTINI(雅天妮),A05550
A05780,五糧液,NULL,A05780
A05950,COCA COLA(可口可樂),NULL,A05950
A06190,YUE SAI(羽西),NULL,A06190
A06490,PANASONIC(松下),NULL,A06490
A06890,PHILIPS(飛利浦),NULL,A06890
A07020,CONCH(海螺),NULL,A07020
A07040,SONY(索尼),NULL,A07040
A07420,ASD(愛仕達),NULL,A07420
A07520,DAPHNE(達芙妮),NULL,A07520
A07910,DAMA(黛瑪),DAMA(黛瑪),A07910
A09310,C.BANNER(千百度),NULL,A09310
A12530,譚木匠,NULL,A12530
A25680,BOSSINI(堡獅龍),NULL,A25680
A25910,CARVEN,NULL,A25910
A25930,CASIO(卡西歐),NULL,A25930
A26580,ESKO(依斯高),ESKO(依斯高),A26580
A28430,NEW BALANCE(新百倫),NULL,A28430
A28460,NIKKO(日高),NULL,A28460
A29670,ZIPPO(之寶),NULL,A29670
A30080,三槍,NULL,A30080
A33110,OIL OF OLAY(玉蘭油),NULL,A33110
A33500,ELECTROLUX(伊萊克斯),NULL,A33500
A34030,GOODBABY(好孩子),NULL,A34030
A34210,安睡寶,NULL,A34210
A34640,米奇,NULL,A34640
A34760,老爺車,NULL,A34760
A34890,EIFFEL(艾菲爾),NULL,A34890
A35520,LI-NING(李寧),NULL,A35520
A35990,YADU(亞都),NULL,A35990
A37610,TIGER,NULL,A37610
A37700,GOLDLION(金利來),NULL,A37700
A38090,ASUKA(阿思家),NULL,A38090
A39160,柯達,NULL,A39160
A40120,英氏,NULL,A40120
A40190,DISNEY(迪士尼),NULL,A40190
A41490,HAOSHA/HOSA(浩沙),NULL,A41490
A41600,REEBOK(銳步),NULL,A41600
A42630,康妮雅,NULL,A42630
A42700,COMRADE(康莉),NULL,A42700
A43820,KALEETO(凱利特),NULL,A43820
A44240,FUANNA(富安娜),NULL,A44240
A46490,AULDEY(奧迪),NULL,A46490
A46520,OZARK GEAR(奧索卡),NULL,A46520
A47340,WEN DE FU(萬得福),NULL,A47340
A47430,ST.EDENW(聖雪絨),ST.EDENW(聖雪絨),A47430
A49470,OMRON(歐姆龍),NULL,A49470
A51050,LUOLAI(羅萊家紡),NULL,A51050
A51060,ROMON(羅蒙),NULL,A51060
A52140,LAMPO(藍豹),NULL,A52140
A52360,DIAMEND(戴夢得),NULL,A52360
A52500,JOY & PEACE(真美詩),NULL,A52500
A52800,PACLANTIC(派克蘭帝),NULL,A52800
A52930,CANON(佳能),NULL,A52930
A55010,NIKE(耐克),NIKE(耐克),A55010
A55310,ERDOS(鄂爾多斯),NULL,A55310
A55690,BEAR TWO STYLE(B2),NULL,A55690
A55770,天王,NULL,A55770
A55860,GOWANI(喬萬尼),NULL,A55860
A56000,MILENO(米蓮諾),NULL,A56000
A56030,SANROCHER(聖琪兒),NULL,A56030
A56130,桑扶蘭,NULL,A56130
A56230,好易通,NULL,A56230
A56480,ROSSINI(羅西尼),NULL,A56480
A57000,HONG(紅蜻蜓),NULL,A57000
A57120,BETU(百圖),NULL,A57120
A58380,HEAT WAVE(熱浪),NULL,A58380
A58520,J&M,NULL,A58520
A59970,PEPCO(小豬班納),NULL,A59970
A61100,ROWENTA(好運達),NULL,A61100
A62100,UNITED COLORS OF BEN,NULL,A62100
A62740,STACCATO(思加圖),NULL,A62740
A63340,KUHLE(皓),NULL,A63340
A63530,SNOWLOTUS(雪蓮),SNOWLOTUS(雪蓮),A63530
A63910,KAIWANG(愷王),NULL,A63910
A63920,ROMASTER(羅馬世家),NULL,A63920
A63940,SELON(勝龍),NULL,A63940
A63960,ST&SAT(星期六),NULL,A63960
A67240,GALADAY,NULL,A67240
A67290,ZHAOJUN(兆君),NULL,A67290
A67620,P.YOP.YO(黃色小鴨),NULL,A67620
A67720,BRAUN(博朗),NULL,A67720
A67890,RED EARTH,NULL,A67890
A68030,CARTELO(卡帝樂),NULL,A68030
A68460,波司登（BOSIDENG),NULL,A68460
A68680,CHOW TAI FOOK(周大福,NULL,A68680
A80780,LA MAISON DE DOMITIL,NULL,A80780
A81200,ECCO(愛步),NULL,A81200
A81330,LITTLE BOBDOG(巴布豆,NULL,A81330
A81360,TANI(亭宜),TANI(亭宜),A81360
A81650,AVENIR (艾文莉),NULL,A81650
A81780,HARSON(哈森),NULL,A81780
A81980,PASSION(鋇萱),NULL,A81980
A82260,GRACEWELL(婷美),NULL,A82260
A82810,GARFIELD(加菲貓),NULL,A82810
A82820,ETAM WEEKEND(周末),NULL,A82820
A83950,寶島,NULL,A83950
A87430,COLUMBIA/GELUNBIYA/C,NULL,A87430
B01360,瑞恩,NULL,B01360
B03740,PEARL LIFE(珍珠生活),NULL,B03740
B06240,GUJIN(古今),NULL,B06240
B06270,FARO(法羅),NULL,B06270
B06310,G2000,NULL,B06310
B06350,SHUIHAIER(水孩兒),NULL,B06350
B06550,TR/BECA(翠貝卡),NULL,B06550
B07220,SK-II,NULL,B07220
B07570,T.G. TOP GLORIA(湯普,NULL,B07570
B08080,DUNLOP,NULL,B08080
B08420,TEENMIX(天美意),NULL,B08420
B08430,HONGKEE(紅科),NULL,B08430
B09560,HANES(海恩斯),NULL,B09560
B10480,MIRABELL(美麗寶),NULL,B10480
B10510,秋水伊人,NULL,B10510
B10750,味千拉面,NULL,B10750
B13410,SPEEDO,NULL,B13410
B13550,DKNY,NULL,B13550
B13630,LEVI'S(利惠),NULL,B13630
B13660,THE NORTH FACE(樂斯,NULL,B13660
B13690,DIESEL,NULL,B13690
B13810,JOCKEY,NULL,B13810
B13820,SLOGGI,NULL,B13820
B13850,EMINENT(安邁特雅士),NULL,B13850
B14080,吉普動感,NULL,B14080
B14140,NAERSI(娜爾思),NULL,B14140
B14320,ZHENBEI(珍貝),NULL,B14320
B17500,OGAWA,NULL,B17500
B18470,YU MEI(寓美),NULL,B18470
B18700,FILA,NULL,B18700
B19130,ANTA(安踏),NULL,B19130
B21070,APPLE(蘋果),APPLE(蘋果),B21070
B22310,CONVERSE(匡威 ),CONVERSE(匡威 ),B22310
B22580,KING DEER(鹿王),KING DEER(鹿王),B22580
B23170,GIORGIO ARMANI,NULL,B23170
B24460,PUMA(彪馬),PUMA(彪馬),B24460
B29660,RED ROSER(紅玫瑰),NULL,B29660
B31500,HERO(英雄),NULL,B31500
B34690,MARIE CLAIRE,MARIE CLAIRE,B34690
B34820,莎莎,NULL,B34820
B34920,WRANGLER,NULL,B34920
B35750,HAAGEN DAZS(哈根達斯,HAAGEN DAZS(哈根達斯),B35750
B36300,水孩兒,NULL,B36300
B37680,VICTORINOX(維氏),NULL,B37680
B37960,SCHOLL(爽健),NULL,B37960
B39790,DIADORA(迪阿多納),NULL,B39790
B39860,SMART TOYS(聰明兒童),NULL,B39860
B41090,CITIZEN(西鐵城),NULL,B41090
B41490,KISS CAT,NULL,B41490
B41580,西村名物,NULL,B41580
B42540,OQO(歐克歐),NULL,B42540
B43690,KADINA(卡迪娜),NULL,B43690
B44320,JINLIBAO(金利寶),NULL,B44320
B45740,銀馬頭,NULL,B45740
B46080,ANNIL(安奈兒),NULL,B46080
B46520,LA CHAPELLE(拉夏貝爾,NULL,B46520
B46760,CHJ JEWELLERY/CHAOHO,CHJ JEWELLERY/CHAOHONGJI(潮宏基),B46760
B46800,MILLIE'S(妙麗),NULL,B46800
B48320,JACK&JONES,NULL,B48320
B48420,NOCHI(諾琪),NULL,B48420
B48440,木真了,NULL,B48440
B48450,HENGDI(恆地),NULL,B48450
B50190,EVE(依文),NULL,B50190
B50790,BOSS,NULL,B50790
B51040,賽絲特,NULL,B51040
B51450,BASTO(百思圖),NULL,B51450
B52220,SINOMAX(絲露夢/賽諾),NULL,B52220
B52340,CI.PRES,NULL,B52340
B53040,YUWA CO.LTO(友和),YUWA CO.LTO(友和),B53040
B53070,SINAINA(斯乃納),NULL,B53070
B53450,FANDECIE(芬狄詩),NULL,B53450
B53560,SASSI(莎茜),NULL,B53560
B54030,DUN NU(敦奴),NULL,B54030
B54170,VERO MODA,NULL,B54170
B54910,WALKER SHOP(奧卡索),NULL,B54910
B54940,FORNET(福奈特),NULL,B54940
B54980,MIJI(米技),NULL,B54980
B55350,LILY,NULL,B55350
B55710,CHICCO(智高),NULL,B55710
B56490,DESHIFENG(德士風),NULL,B56490
B56780,TUPPERWARE(特百惠),NULL,B56780
B60410,VERSAI(維莎),NULL,B60410
B60440,XTEP(特步),NULL,B60440
B60830,ISYFEN(伊絲芬),NULL,B60830
B60990,CELE(策樂),NULL,B60990
B61080,OCHIRLY(歐時力),NULL,B61080
B61770,KUUKI(高琪),NULL,B61770
B62250,HANG TEN,NULL,B62250
B62320,ENZO,NULL,B62320
B62780,OMIGER(歐麥格),NULL,B62780
B62860,LA WARMER,LAWARMER,B62860
B62920,LUIS VIGIN,NULL,B62920
B63500,NAIER(耐爾),NULL,B63500
B64760,皮爾卡丹,NULL,B64760
B67980,PRECIS(安瑪莉),NULL,B67980
B68640,LOZIO(羅茜奧),NULL,B68640
B68910,YIGUE(亦谷),NULL,B68910
B69100,FRIENDSCO(法都),NULL,B69100
B69410,TEXWOOD(蘋果),NULL,B69410
B69630,植物醫生 LOTIONSPA,NULL,B69630
B70170,MARK FAIRWHALE(馬克.,NULL,B70170
B70580,ARROW(箭),NULL,B70580
B71800,CAMELA,CAMELA,B71800
B72210,CTF2,CTF2,B72210
B74300,H2O+水芝澳,NULL,B74300
B74420,SCOFIELD(斯克菲爾德),NULL,B74420
B75030,JOE/ONE(九牧王),NULL,B75030
B75210,EBASE(衣本色),NULL,B75210
B77820,STARBUCKS(星巴克),NULL,B77820
B79330,周生生,NULL,B79330
B81780,ZORANZI(莊子),NULL,B81780
B83130,JEEP,NULL,B83130
B83280,HONRN(紅人),NULL,B83280
B84450,YULU(昱璐),NULL,B84450
B84540,MARIA(瑪莉亞),NULL,B84540
B85080,PUCCA,NULL,B85080
B85240,波特,NULL,B85240
B86170,恆昌,NULL,B86170
B86200,TOREAD(探路者),NULL,B86200
B87940,SHOW LONG(舒朗),NULL,B87940
B88650,MEIYI(美伊),NULL,B88650
B90840,柒,NULL,B90840
B90870,旺樂高,NULL,B90870
B91140,AILINGJIE(愛玲捷),NULL,B91140
B92460,BATA,NULL,B92460
B93250,LUCKY BABY(拉比),NULL,B93250
B93380,ZOKE(洲克),NULL,B93380
B94210,BAFFN(芭芬),NULL,B94210
B94570,SAFIYA(索菲婭),NULL,B94570
B94590,MIGAINO(曼婭奴),NULL,B94590
B94820,INNOTEL(伊耐兒),NULL,B94820
B94830,NIKE360°,NULL,B94830
B95090,DOOLRS(多奧),NULL,B95090
B95360,LAVINIA CLUB(拉維妮,NULL,B95360
B95440,RIME(韻魅),NULL,B95440
B95480,HAOXING(豪行),NULL,B95480
B95590,昊騰(HAOTENG),NULL,B95590
B95610,LANEIGE(蘭芝),NULL,B95610
B95620,HERBORIST(佰草集),NULL,B95620
B95770,LAIPOSE(黎姿),NULL,B95770
B96030,KOLUMB(哥侖步),NULL,B96030
B96130,BADEYA(芭地婭),NULL,B96130
B96380,TRAVELPRO(特普羅鐵塔,NULL,B96380
B96440,BAI CHUN DI GAO(百純,BAI CHUN DI GAO(百純帝高),B96440
B96510,LONG QING XIA(龍慶峽,NULL,B96510
B96680,NOTTING HILL(諾丁山),NULL,B96680
B97260,WANKO,NULL,B97260
B97330,CAROL GRANDAMBER(嘉,NULL,B97330
B98050,U.S.POLO ASS'N,NULL,B98050
B98440,CAMENAE(家美樂/嘉媚,NULL,B98440
B98750,CUE,NULL,B98750
B98800,NINO RIVA(尼諾里拉),NULL,B98800
C00130,JUST GOLD,JUST GOLD,C00130
C00140,F8.派,NULL,C00140
C01930,SHSS(三和松石),NULL,C01930
C02220,LUKFOOK JEWELLBRY(六,NULL,C02220
C02620,ENWEIS(伊維斯),NULL,C02620
C02650,ARMANI JEANS,NULL,C02650
C02980,MUDD,NULL,C02980
C03170,COUBER.G(傲巴斯),NULL,C03170
C03340,TATA(他她),NULL,C03340
C03850,繡履,繡履,C03850
C04410,EDC ESPRIT,NULL,C04410
C04780,FORTUNATE LADY(天之,NULL,C04780
C04790,KAPPA(卡帕),NULL,C04790
C04820,DIDOT,NULL,C04820
C04840,CAN.TORP(駱駝牌),NULL,C04840
C05010,GILLIVO(嘉裡奧),GILLIVO(嘉裡奧),C05010
C05150,金象大藥房,NULL,C05150
C05240,BORIDA(保日達),NULL,C05240
C05360,TEMIX,NULL,C05360
C05410,DANGEDIYA(丹戈迪亞),NULL,C05410
C05730,老鳳祥,NULL,C05730
C05910,INFANCEE(嬰方喜),NULL,C05910
C05970,SANTA BARBARA POLO&R,NULL,C05970
C06040,GOLDPOOL(高爾普),NULL,C06040
C06130,KGG(卡祺),NULL,C06130
C06590,飛亞達,NULL,C06590
C06600,SLIAOT(薩裡奧托),NULL,C06600
C06610,CARDKAI(歌德克依),NULL,C06610
C06660,U2B(優2璧),NULL,C06660
C06840,PEPCO(小豬班納),NULL,C06840
C06970,周大生,NULL,C06970
C07430,FOREST PRINCESS(森林,NULL,C07430
C07640,L'ALPINA,NULL,C07640
C08720,SILVERLIT(銀輝玩具),NULL,C08720
C08740,CHAOSIONS(超婕緦),NULL,C08740
C08820,JASONWOOD,JASONWOOD,C08820
C08880,OLYMPUS(奧林巴斯),NULL,C08880
C09480,嘉賓美容院,NULL,C09480
C09500,姜傑鋼琴城,NULL,C09500
C09540,美麗宮美髮店,NULL,C09540
C09620,榮香盲人按摩所,NULL,C09620
C09640,首飾加工,NULL,C09640
C09770,PIZZA HUT(必勝客),NULL,C09770
C09860,汪氏蜂蜜,NULL,C09860
C10130,AEE(愛意),NULL,C10130
C11130,流行美,NULL,C11130
C11500,PEKI(佩琪飾品),NULL,C11500
C11580,PALUOPO(帕羅),NULL,C11580
C12060,迪信通,NULL,C12060
C13780,NORTHLAND(諾詩蘭),NULL,C13780
C14640,HD(圖特),HD(圖特),C14640
C15250,GIMO RENZI(吉諾裡玆),NULL,C15250
C15800,SEASON WIND(季候風),NULL,C15800
C15810,KIN DON(金盾),NULL,C15810
C15920,世家,NULL,C15920
C16450,蒼龍,NULL,C16450
C16660,MNG,NULL,C16660
C17260,COCOON,NULL,C17260
C17370,MIND BRIDGE,NULL,C17370
C17420,臺繡,NULL,C17420
C17580,3D-GOLD(金至尊),NULL,C17580
C17780,SIARE'S,NULL,C17780
C18350,TEENIE WEENIE,NULL,C18350
C18390,HEER PROSPEROUS(翠柏,NULL,C18390
C18790,EBLIN,NULL,C18790
C18960,X--MOOM,NULL,C18960
C19370,PHIDIAS(菲迪雅絲),NULL,C19370
C19660,MEIERMEI(玫.而.美),NULL,C19660
C19690,LOCK&LOCK(樂扣、樂扣,NULL,C19690
C19930,TISSOT,NULL,C19930
C19939,TISSOT,NULL,C19939
C20010,BASIC HOUSE(百家好事,NULL,C20010
C20450,EEE,NULL,C20450
C20520,VICHY(薇姿),NULL,C20520
C20530,BLAIHLITON,NULL,C20530
C20540,PLOVER,NULL,C20540
C20850,MIHUANG(米皇),NULL,C20850
C21050,GARDEUR(戛蒂爾),NULL,C21050
C21080,L'EAU D'ISSEY(一生之,NULL,C21080
C24940,EMELY(安魅力),NULL,C24940
C26480,E-LAND KIDS,NULL,C26480
C27440,TIEDAN(鐵丹),NULL,C27440
C28160,MOTHERGOOSE,NULL,C28160
C28190,SUPOR(蘇泊爾),NULL,C28190
C28260,JOY STUDIO(禧坊),NULL,C28260
C28280,SEFON(臣楓),NULL,C28280
C28310,SCALER(思凱樂),NULL,C28310
C29050,RUBII(璐比),NULL,C29050
C29100,PAT,PAT,C29100
C29590,ERKE(鴻星爾克),NULL,C29590
C29830,美亞(MEYER)(家品),NULL,C29830
C30270,SHINING HOUSE 鑽石世,NULL,C30270
C30390,SEEBSPRINA(賽瑞娜),NULL,C30390
C30540,LANKAFF(蘭閨坊),NULL,C30540
C30560,START RITE,NULL,C30560
C30680,DEBORAH BEVERLY HILL,NULL,C30680
C31460,CROCS,NULL,C31460
C31900,T100,NULL,C31900
C31960,OYEA,NULL,C31960
C32250,ROEM(羅艷),NULL,C32250
C32310,COEY,NULL,C32310
C32750,JANEHOME(簡愛家居),NULL,C32750
C33050,ITL(伊泰蓮娜),NULL,C33050
C33240,NABARRO(納巴羅),NULL,C33240
C34720,IN STYLE(迎時尚),NULL,C34720
C34790,HAIGELEI(海格雷),NULL,C34790
C36330,PIRATE SHIP(海盜船),NULL,C36330
C36380,ARMANI PERFUME,NULL,C36380
C36500,聲雨竹,NULL,C36500
C36640,STELLA LUNA,NULL,C36640
C36770,L'OCCITANE(歐舒丹),NULL,C36770
C36920,MINGLANG(名郎),NULL,C36920
C37770,OLIVIER DESFORGES(奧,NULL,C37770
C37800,ARCTICFOX,NULL,C37800
C37830,TWINKIDS,NULL,C37830
C38080,沐蕾迪,NULL,C38080
C38090,JIAODING(嬌鼎),NULL,C38090
C38100,偉士,NULL,C38100
C38270,CHAMPACES(創美詩),CHAMPACES(創美詩),C38270
C38280,千佰莉,NULL,C38280
C38680,ASK,NULL,C38680
C38730,CAROL,NULL,C38730
C39230,MOMANON(蒙漫儂),NULL,C39230
C39280,VESA'S(唯尚),NULL,C39280
C39390,BABY F.O.X.,NULL,C39390
C40320,HONEYS GLACIER,NULL,C40320
C40370,PAW IN PAW,NULL,C40370
C40380,PRICH,NULL,C40380
C40390,SCAT,NULL,C40390
C40610,鈦度.空間,NULL,C40610
C40620,SIERLI.COLLECTION(絲,NULL,C40620
C40860,361°,NULL,C40860
C40990,FILA GOLF(飛樂高爾夫,NULL,C40990
C41020,凱迪龍,NULL,C41020
C41090,WHINNY(惠誼.家紡),NULL,C41090
C41680,FANCL,NULL,C41680
C41950,依娜,NULL,C41950
C42220,TECGAR,NULL,C42220
C42330,MAMONDE(夢妝),NULL,C42330
C42630,DORDOR HORSE,NULL,C42630
C42740,LITTLE BOBDOG,NULL,C42740
C42750,HALLMARK,NULL,C42750
C43100,AZONA A02,NULL,C43100
C43140,KATHY VAN ZEELAND,NULL,C43140
C43290,DI(帝),NULL,C43290
C43380,BOSSINI STYLE,NULL,C43380
C43890,YONEX(尤尼克斯),NULL,C43890
C44450,UNION,NULL,C44450
C44600,CAMEL(駱駝),NULL,C44600
C44810,YISELLE(伊絲艾拉),NULL,C44810
C45110,TESIRO(通靈),NULL,C45110
C45350,十元小商品,十元小商品,C45350
C45740,PHITEN(法籐),NULL,C45740
C45820,TANGIN(天駿表),NULL,C45820
C46090,U.S.P.A.(美國馬球協,NULL,C46090
C46210,YINER(音兒),NULL,C46210
C46580,SUISSE PROGRAMME(瑞,NULL,C46580
C47240,普蘭德,NULL,C47240
C47880,OIO,NULL,C47880
C48150,ANGELL MIFEER(安吉米,NULL,C48150
C48190,PUDUN(普頓),NULL,C48190
C48230,AQUA SPRINA(雅呵雅),NULL,C48230
C48290,BABYME(貝美依),NULL,C48290
C48430,I DO,NULL,C48430
C48770,EMERA(伊美行),NULL,C48770
C49160,PARIS BAGUETTE(巴黎,NULL,C49160
C49270,EHOMME/ETAM HOMME,NULL,C49270
C49370,LT GRFF(魯泰格蕾芬),NULL,C49370
C49870,OUTDO(高特),NULL,C49870
C49980,G2000 MEN,NULL,C49980
C50190,BODYPOPS,NULL,C50190
C52440,LISA SMILE,NULL,C52440
C53450,WHAT FOR,NULL,C53450
C53570,JIN YI(金逸),NULL,C53570
C53640,KEMAN VOGUISH,NULL,C53640
C54010,金烏炭雕,NULL,C54010
C54040,PEAK(匹克),NULL,C54040
C54110,WOLFF,NULL,C54110
C54300,LUFFTICK/LUOFUDIQI(,NULL,C54300
C54630,JESSI MODE(傑思慕),NULL,C54630
C55020,ROZANA,NULL,C55020
C55310,KEER(千葉),NULL,C55310
C55480,D:FUSE(迪芙斯),NULL,C55480
C55540,SEER(西遠),NULL,C55540
C55670,KSTYLE,NULL,C55670
C55750,ADEMINA(艾狄米娜),NULL,C55750
C57100,AZONE(夜龍),NULL,C57100
C57340,NBA,NULL,C57340
C57650,GLENFIELD(格蘭菲兒),GLENFIELD(格蘭菲兒),C57650
C58070,IDLLIS(艾多麗),NULL,C58070
C58170,LA ROCHE-POSAY(理膚,NULL,C58170
C58580,M2(平米家居),NULL,C58580
C58670,ROCKPORT(樂步),NULL,C58670
C59200,E E'STOREY(名典屋),NULL,C59200
C60050,MIKIBANA,NULL,C60050
C60100,VSVELSUS(威爾薩斯),NULL,C60100
C60190,SENBODULUN(聖寶度倫),NULL,C60190
C60810,POWERLAND(保蘭德),NULL,C60810
C61080,BOYI COLLECTION(帛逸,BOYI COLLECTION(帛逸),C61080
C61680,COMBI,NULL,C61680
C61860,S.REPHEN(薩妮瑞芬),NULL,C61860
C61880,F/DO(菲東),NULL,C61880
C62340,IPOD,NULL,C62340
C63590,OCEAN BLUE,NULL,C63590
C69020,MAUGAN,NULL,C69020
C69300,I'm David,NULL,C69300
C69330,老銀匠,NULL,C69330
C69420,LUSTRE(萊斯特),NULL,C69420
C70250,GEOX BREATHES(透氣健,NULL,C70250
C70500,LEONIE(麗天妮),NULL,C70500
C70530,BIG TRAIN(墨達人),NULL,C70530
C70540,LA.GO.GO(拉.谷.谷),NULL,C70540
C71240,STEVE MADDEN,NULL,C71240
C71460,INTIMATE ZONE(伊納坊,INTIMATE ZONE(伊納坊),C71460
C71630,COTNMAXX(吉綿會),COTNMAXX(吉綿會),C71630
C72010,C&C PART 1,C&C PART 1,C72010
C72120,DAILY GIRLS,DAILY GIRLS,C72120
C72130,UP!(千葉浪),UP!(千葉浪),C72130
C72140,LA CHETOAU(利佳),LA CHETOAU(利佳),C72140
C72250,POLICE,NULL,C72250
C72600,GAOTIAN(作廢轉A58010,NULL,C72600
C72650,麻辣誘惑,NULL,C72650
C72710,COMONI,NULL,C72710
C72730,TWICE,NULL,C72730
C72770,三禾,NULL,C72770
C72920,CN,NULL,C72920
C73520,CRUMPLER,NULL,C73520
C73540,章魚燒,NULL,C73540
C73670,BENY BAIDE,NULL,C73670
C73790,SELECTED,NULL,C73790
C74110,PAGEONE(佩吉),NULL,C74110
C75440,SEASONAL WINDS(四季,SEASONAL WINDS(四季風),C75440
C75520,YITU(億圖),NULL,C75520
C75530,BOSSERT,NULL,C75530
C75550,OHOO,NULL,C75550
C75970,SUNCITY(太陽城),NULL,C75970
C76580,DOUBLEFEAC,NULL,C76580
C76620,MIDO(美度),NULL,C76620
C76870,G2000 LADIES,NULL,C76870
C77000,7PRINCESS,NULL,C77000
C77010,O.YAFEI(歐雅妃),NULL,C77010
C77030,SAINAYIGE(賽那伊歌),SAINAYIGE(賽那伊歌),C77030
C77220,FERRO,NULL,C77220
C77310,CLASSIC ELEMENT(經典,NULL,C77310
C77360,LADOS(蘭德爾絲),LADOS(蘭德爾絲),C77360
C77750,YIEN,NULL,C77750
C77760,YUNHONG(韻泓),NULL,C77760
C77770,HE YUN CERAMIC(鶴雲,NULL,C77770
C77780,CARRINO,NULL,C77780
C77790,ECOVACS(科沃斯),NULL,C77790
C77800,FULHAM(富能),NULL,C77800
C77810,VIOLETTA(維奧萊特),NULL,C77810
C77820,KINGCO(京彩),NULL,C77820
C77830,XBGSZG,NULL,C77830
C77840,花商時苑,NULL,C77840
C77850,JIAZHIGONGFANG(家之,NULL,C77850
C77860,MALATA(萬利達),NULL,C77860
C77870,AOGER(澳捷爾),NULL,C77870
C77880,DHC(蝶翠詩),NULL,C77880
C77900,YIMAI(易邁),YIMAI(易邁),C77900
C77940,CHIPIE,NULL,C77940
C78120,禾綠回轉壽司,NULL,C78120
C78130,酷聖石,NULL,C78130
C78140,工商銀行,NULL,C78140
C78150,鴨王,NULL,C78150
C78160,天一竹,NULL,C78160
C78170,鹿港小鎮,NULL,C78170
C78350,巧虎,NULL,C78350
C78360,TAP,NULL,C78360
C78420,頤壽園,NULL,C78420
C78440,時代光華,NULL,C78440
C78470,東方既白,NULL,C78470
C78560,花店,NULL,C78560
C78570,NEW YORK NEW YORK(紐,NULL,C78570
C78580,正一味,NULL,C78580
C78660,TOYSMART(愛兒瑪),NULL,C78660
C79470,SAIAH(賽雅),SAIAH(賽雅),C79470
C79500,華東自營家品,華東自營家品,C79500
C79660,3721斯瑞夫曼,NULL,C79660
C79830,AOLORA(奧柔拉),NULL,C79830
C79940,浩泰,NULL,C79940
C80010,BARNIE,NULL,C80010
C80080,SUNMERIT,SUNMERIT,C80080
C80220,味多美,NULL,C80220
C80420,SEEUSOON,NULL,C80420
C80440,WENGER,NULL,C80440
C80500,VISHARK,NULL,C80500
C81010,HAMA,NULL,C81010
C81080,GXG,NULL,C81080
C81120,彩票,NULL,C81120
C81130,老北京炸醬麵,NULL,C81130
C81610,SMG,NULL,C81610
C81810,呷哺呷哺,NULL,C81810
C82490,JACK WOLFSKIN(狼爪),NULL,C82490
C82750,GNC(格蕾絲一族),NULL,C82750
C82840,HERRAY,HERRAY,C82840
C82900,寶曼,NULL,C82900
C82920,AMPHI,NULL,C82920
C82960,HARDRIVE,NULL,C82960
C83110,SI WEI ER(緦緯爾),NULL,C83110
C83120,KING'S PASPE,NULL,C83120
C83280,VEVA,NULL,C83280
C83490,HAVAIANAS,NULL,C83490
C83510,OLB/OU LUO BA(歐羅巴,NULL,C83510
C83590,GRACEGIRL(格蕾格爾),NULL,C83590
C83720,SHI YING(詩影),NULL,C83720
C84180,ALPHABET（愛法貝）,NULL,C84180
C84690,PLORY,NULL,C84690
C84870,釉色,NULL,C84870
C85020,杉杉,NULL,C85020
C85080,TIME YOUR TIME,NULL,C85080
C85230,幸福來,NULL,C85230
C85470,精彩無限,NULL,C85470
C85480,FOREVER NEW,NULL,C85480
C85540,FIVE PLUS,NULL,C85540
C85710,RBIKE(騎達),NULL,C85710
C85930,大黃蜂,NULL,C85930
C86360,TELENT(天倫天),NULL,C86360
C86380,LIFE(今生),NULL,C86380
C86470,G'ART,G'ART,C86470
C86620,BADISDY,NULL,C86620
C86630,HERDSMAN(牧馬人),NULL,C86630
C87800,J.X.J-XI(簡兮),NULL,C87800
C88050,瑪奴拉,NULL,C88050
C88060,全聚福,NULL,C88060
C88070,新山水行,NULL,C88070
C88080,優捷宜,NULL,C88080
C88160,SNOWFORTE(思諾芙德),NULL,C88160
C88470,SKAP,NULL,C88470
C88930,AVENE(雅漾),NULL,C88930
C89300,SOCK SEA,SOCK SEA,C89300
C89630,林清軒,NULL,C89630
C89710,KONIN(康印),KONIN(康印),C89710
C89820,ATTOS,NULL,C89820
C89880,居元素,NULL,C89880
C90200,LUMI,NULL,C90200
C90600,ZIEYAGM,NULL,C90600
C90910,CELDEN,NULL,C90910
C91160,ACME(阿珂姆),NULL,C91160
C91260,拉薇,NULL,C91260
C92000,提籟雅,NULL,C92000
C92160,ALPHA FEMELLE(法米拉,NULL,C92160
C92180,EMINENT HIPPO,NULL,C92180
C92380,DELUXE AND VINCI/D&V,NULL,C92380
C92390,ZEBRINA百瑞納,NULL,C92390
C92540,VANS,NULL,C92540
C92860,空中天使,NULL,C92860
C92890,摩根及麥洛,NULL,C92890
C92900,GIGO(智高),NULL,C92900
C92910,MALI MARI HOME,NULL,C92910
C93500,LES LUNEIDES,NULL,C93500
C93700,BEFLY(芭特爾芙萊),NULL,C93700
C94080,PAUL FRANK,NULL,C94080
C94360,D.F.J.MEI,NULL,C94360
C94870,舒寵,NULL,C94870
C95100,善玉緣,NULL,C95100
C95260,COZY STEPS,NULL,C95260
C95370,ARIKI,NULL,C95370
C95520,JOLIE&DEEN,NULL,C95520
C95660,哈.貝比,NULL,C95660
C95820,大雄珠寶,NULL,C95820
C95990,TIGRISSO(蹀愫),NULL,C95990
C96160,GTS,NULL,C96160
C96330,VERY SIAM(暹羅泰),NULL,C96330
C96360,福兒樂,NULL,C96360
C96380,TRENDIANO,NULL,C96380
C96430,ILE NATURAL FIBRE PR,ILE NATURAL FIBRE PRODUCT GROUP,C96430
C97200,XII,NULL,C97200
C97260,PETIT OISEAU(普提托,PETIT OISEAU(普提托瓦茲),C97260
C97820,LTG,NULL,C97820
C98410,VERLA,VERLA,C98410
C98960,EVE DE UOMO,NULL,C98960
C99670,25',NULL,C99670
C99720,AEROSOLES(愛柔仕),NULL,C99720
D01130,曼哥夫,NULL,D01130
D01200,竹林詩語,NULL,D01200
D01220,FOSSIL,NULL,D01220
D01310,建儂,NULL,D01310
D01440,江湖一味,NULL,D01440
D01550,AMIAMO,NULL,D01550
D01570,LES 100 CIELS,NULL,D01570
D01580,G.JAMEI,NULL,D01580
D01770,MC EARL,NULL,D01770
D01790,YIXIZHIDI(一席之地),NULL,D01790
D01880,GEROLAMO,NULL,D01880
D02040,諾奇,NULL,D02040
D02160,BANILA CO,NULL,D02160
D02180,EAU RAVIE,NULL,D02180
D02270,HONGSHITI(紅詩緹),NULL,D02270
D03300,木九十,NULL,D03300
D03680,GT.MISS,NULL,D03680
D03990,AQUA E SOLE(阿索),NULL,D03990
D04030,ENC,NULL,D04030
D04250,KISS KITTY,NULL,D04250
D04860,恒昌,NULL,D04860
D05290,瀾指軒,NULL,D05290
D05400,KOLON SPORT,NULL,D05400
D05550,ECAPELLI(卡佩麗),NULL,D05550
D05580,寶玉瑪,NULL,D05580
D05690,莎巴美甲,NULL,D05690
D05970,NUOYALUN(諾.婭倫),NULL,D05970
D06600,茜茜公主,NULL,D06600
D06830,LANYOUTY,NULL,D06830
D07740,瑞勵教育,NULL,D07740
D07750,英孚教育,NULL,D07750
D08570,金三塔,NULL,D08570
D08600,RMEO,NULL,D08600
D08820,UGIZ,NULL,D08820
D09630,MARIE N MARY,NULL,D09630
D09650,SHEEPET(舒寵),NULL,D09650
D09770,多彩匯,NULL,D09770
D09780,聖大保儸,NULL,D09780
D09790,本色棉,NULL,D09790
D09830,戈林斯丹,NULL,D09830
D09980,格萊詩特,NULL,D09980
D09990,格雅,NULL,D09990
D10090,GELANO,NULL,D10090
D10180,OCTMAMI,NULL,D10180
D10190,IBYINGLN,NULL,D10190
D10200,39.BAN,NULL,D10200
D10210,貝洛泥,NULL,D10210
D10480,RADIANA,NULL,D10480
D10610,DAIWEN'S 岱汶,NULL,D10610
D10730,NINESIXNY96,NULL,D10730
D10810,偉易達,NULL,D10810
D11690,呆呆玩呆呆了,NULL,D11690
D11860,輕鬆點水吧,NULL,D11860
D11990,彩票機,NULL,D11990
D13350,DKNY,NULL,D13350
D13720,DYSON(戴森),DYSON戴森  ,D13720
D14740,DOUZE,NULL,D14740
D15020,CELE,NULL,D15020
D15320,ABS(愛彼此),ABS(愛彼此),D15320
D15500,CK,NULL,D15500
D15650,著品,NULL,D15650
D16540,貝德瑪,NULL,D16540
D17870,Lee,NULL,D17870
D18050,BUYINUOSI,NULL,D18050
D18060,黑松白鹿,NULL,D18060
D18230,KAPPA KIDS 兒童,NULL,D18230
D18240,詩格恩,NULL,D18240
D18970,MASKLEGEND 膜法傳奇,NULL,D18970
D19240,LOL,LOL,D19240
D19390,維珍妮,維珍妮,D19390
D19400,CAITHNESS&BOROWSKI,Caithness & BOROWSKI,D19400
D19410,BLK,BLK,D19410
D19420,DRILL,DRILL,D19420
D20410,溫純,NULL,D20410
D21280,綠典,NULL,D21280
D21340,PORTOFINO,NULL,D21340
D22240,CAN TORP(駱駝戶外),NULL,D22240
D22300,AMERICAN TOURISTER,NULL,D22300
D22430,BLUEMEMORY,NULL,D22430
D22870,JEEPLOUD,NULL,D22870
D22920,初妝,NULL,D22920
D23050,春雪,NULL,D23050
D23070,莫索,NULL,D23070
D23800,EBRA,NULL,D23800
D24630,OMNLALUO,NULL,D24630
D24640,MEI YIN(美銀),NULL,D24640
D24690,老廟黃金,NULL,D24690
D25440,T-126,NULL,D25440
D26560,JEAN,NULL,D26560
D27090,CHARM GODDESS,NULL,D27090
D27300,PERIC(派瑞),Peric(派瑞),D27300
D27350,太湖雪,NULL,D27350
D27440,奧迪雙鉆,NULL,D27440
D27810,LAGOGO,NULL,D27810
D28110,阿芙/AFU,NULL,D28110
D28410,MORNING,NULL,D28410
D28420,YGAOR,NULL,D28420
D28460,ADVANTURER,NULL,D28460
D29450,N多壽司,NULL,D29450
D29460,周黑鴨,NULL,D29460
D29970,RAZUULA拉度拉,NULL,D29970
D30000,變形金剛,NULL,D30000
D30010,G1,NULL,D30010
D30570,RONGJINSHENG(絨錦晟),NULL,D30570
D30800,KANOJAO,NULL,D30800
D30830,麥雅,NULL,D30830
D30880,棉源素語,NULL,D30880
D31080,AQIDUO(阿奇朵),NULL,D31080
D31920,CHYRA,NULL,D31920
D32460,LIN'S,NULL,D32460
D32990,沙馳運動,NULL,D32990
D33460,ABCKIDS,NULL,D33460
D34040,PEDONBOLO(培頓保羅),NULL,D34040
D34990,JHS嘉合舜,NULL,D34990
D35000,HKBEEMAX+圖形,NULL,D35000
D35490,馥綠德雅,NULL,D35490
D35880,尚品金尊,NULL,D35880
D36300,水孩儿,NULL,D36300
D36460,悅蘭珠寶,NULL,D36460
D37600,ICEPEAK,NULL,D37600
